"","term","estimate","std.error","statistic","p.value","conf.low","conf.high","Analysis","Simulated_RR"
"1","Exp_Diff",-0.0131411115548649,0.00260875381752404,-5.03731378046899,4.72110497269678e-07,-0.0182659934892362,-0.00803768600979985,"CCO_Month",0.9
"2","Exp_Diff",-0.0133493769582988,0.00278955909953966,-4.78547916783758,1.7057987947246e-06,-0.0188292905637575,-0.00789203565969065,"CCO_28day",0.9
"3","Exp_Diff",-0.00997262085480306,0.0031044437243006,-3.21236966762855,0.00131644864371003,-0.0160659692556078,-0.00389443478704786,"CCO_2week",0.9
"4","Exp_Diff",-0.00979379530545981,0.0025839790654914,-3.79019916850499,0.000150526538928993,-0.0148670266584041,-0.00473599589441219,"CCO_Month",0.9
"5","Exp_Diff",-0.00985324172398097,0.002754382033576,-3.57729668719504,0.000347166056972929,-0.0152616780000415,-0.00446229317999089,"CCO_28day",0.9
"6","Exp_Diff",-0.0111485749127206,0.0030744382558826,-3.62621525782442,0.000287605632911696,-0.0171838001560232,-0.00512994423876345,"CCO_2week",0.9
"7","Exp_Diff",-0.0110517921528776,0.00260645141981476,-4.24016809554159,2.23352463790528e-05,-0.0161709560387027,-0.00595161915134184,"CCO_Month",0.9
"8","Exp_Diff",-0.0113893186125872,0.00276780230370442,-4.11493212406961,3.87293364492525e-05,-0.016825478912166,-0.00597344551617292,"CCO_28day",0.9
"9","Exp_Diff",-0.0156931423823767,0.00315509166768552,-4.97391012220215,6.56157398846537e-07,-0.0218901617725857,-0.00951995436177829,"CCO_2week",0.9
"10","Exp_Diff",-0.0128236261564209,0.00261816968086411,-4.89793547383396,9.68488252703796e-07,-0.0179675413943254,-0.00770217952586407,"CCO_Month",0.9
"11","Exp_Diff",-0.0098855611527199,0.00269526325624689,-3.66775346705293,0.000244690940685596,-0.0151783143140992,-0.00461067950651068,"CCO_28day",0.9
"12","Exp_Diff",-0.0107522795586325,0.00312503087002141,-3.44069547017271,0.000580221166870234,-0.0168862486961659,-0.0046340775809197,"CCO_2week",0.9
"13","Exp_Diff",-0.00868083230540358,0.00258421599173146,-3.35917443943503,0.000781757033371827,-0.0137537411730499,-0.00362176956623129,"CCO_Month",0.9
"14","Exp_Diff",-0.0120435518998241,0.00275328091589309,-4.37425466842256,1.21848067094108e-05,-0.0174514263718563,-0.00665639828862135,"CCO_28day",0.9
"15","Exp_Diff",-0.00812063548872431,0.00311057484757271,-2.61065426381272,0.00903692037952198,-0.014224428903584,-0.00202891925125478,"CCO_2week",0.9
"16","Exp_Diff",-0.01065699797537,0.00263188252215584,-4.04919212223826,5.13947411716134e-05,-0.0158253196240822,-0.00550636083787345,"CCO_Month",0.9
"17","Exp_Diff",-0.00703602097821136,0.00281290480027183,-2.50133633300758,0.0123725615398357,-0.0125572109630963,-0.00152821007137871,"CCO_28day",0.9
"18","Exp_Diff",-0.00577435425750822,0.00314923221479729,-1.8335752537956,0.0667170683600746,-0.0119522752126065,0.000394830669667427,"CCO_2week",0.9
"19","Exp_Diff",-0.00824836377914037,0.00262513966644352,-3.14206664299697,0.00167759847074116,-0.0134021595739483,-0.00310947112793065,"CCO_Month",0.9
"20","Exp_Diff",-0.0108985192793689,0.00280502486166894,-3.88535568019333,0.000102180179505419,-0.0164078443852963,-0.00540973836782002,"CCO_28day",0.9
"21","Exp_Diff",-0.0102646981029508,0.00311349545223229,-3.29684056406485,0.000977789899303611,-0.0163761071195625,-0.0041690567383336,"CCO_2week",0.9
"22","Exp_Diff",-0.00858342343476518,0.00261390895079136,-3.28374996847788,0.00102435757718731,-0.0137152762526664,-0.0034666782624322,"CCO_Month",0.9
"23","Exp_Diff",-0.00932738002899055,0.00275980944742188,-3.37971885620722,0.00072560011711224,-0.0147458112562007,-0.00392519358544378,"CCO_28day",0.9
"24","Exp_Diff",-0.00833907259354165,0.00310934728116394,-2.68193670229722,0.00731973081226007,-0.0144407922239897,-0.00225004147559721,"CCO_2week",0.9
"25","Exp_Diff",-0.0102949987278789,0.00266103347962482,-3.86879714468319,0.000109373588420888,-0.015520328140932,-0.00508704377312996,"CCO_Month",0.9
"26","Exp_Diff",-0.00533566239654605,0.0028034802759894,-1.90322808483573,0.0570107900072948,-0.0108362408670581,0.000155598377234635,"CCO_28day",0.9
"27","Exp_Diff",-0.00663544766548175,0.0031904971583594,-2.07975351054498,0.0375481472097084,-0.0128950853684159,-0.000386126279733749,"CCO_2week",0.9
"28","Exp_Diff",-0.0107367141462881,0.00258275769340035,-4.15707372539182,3.22349987795172e-05,-0.0158094777166984,-0.00568297620218251,"CCO_Month",0.9
"29","Exp_Diff",-0.0130435420926026,0.00273735861198901,-4.76501034079892,1.88843964390219e-06,-0.0184216397385018,-0.00768890968295561,"CCO_28day",0.9
"30","Exp_Diff",-0.0123603846081425,0.00309026597461443,-3.99978018386739,6.34013456248968e-05,-0.018427712755759,-0.0063117480355097,"CCO_2week",0.9
"31","Exp_Diff",-0.00679954570317354,0.00212483003796364,-3.20004215946136,0.00137407486564243,-0.0109684991657898,-0.00263815630005492,"CCO_Month",0.95
"32","Exp_Diff",-0.00585878931741452,0.00225305340256509,-2.60037747473908,0.00931212662253742,-0.01027870201374,-0.00144562260148227,"CCO_28day",0.95
"33","Exp_Diff",-0.00519167725158663,0.00257305180196088,-2.01771190445142,0.0436212742930663,-0.0102379893417767,-0.000150548478937377,"CCO_2week",0.95
"34","Exp_Diff",-0.00506940314589659,0.00211061795348835,-2.40185730322158,0.0163120701590424,-0.00920972823839262,-0.000935040256983326,"CCO_Month",0.95
"35","Exp_Diff",-0.00220260848480128,0.00225965315797494,-0.97475511984114,0.329681744190871,-0.0066334077890334,0.00222558355953031,"CCO_28day",0.95
"36","Exp_Diff",-0.0048729781362718,0.00254427104716707,-1.91527476669502,0.0554574718388996,-0.00986272920998628,0.000111884783972107,"CCO_2week",0.95
"37","Exp_Diff",-0.00474485998760379,0.00207511967383838,-2.28654763743199,0.0222222405618792,-0.00881511678911968,-0.000679702766830543,"CCO_Month",0.95
"38","Exp_Diff",-0.00424143990008522,0.00220733392609323,-1.92152163745889,0.0546659771935817,-0.00857086045806983,8.3000334307371e-05,"CCO_28day",0.95
"39","Exp_Diff",-0.00521630518042197,0.00247935303777373,-2.10389771079386,0.035387370725375,-0.0100788192026714,-0.000358770065228042,"CCO_2week",0.95
"40","Exp_Diff",-0.00700926239002759,0.00206870713409589,-3.38823329532865,0.000703444038295077,-0.0110680649448866,-0.00295781381310584,"CCO_Month",0.95
"41","Exp_Diff",-0.00854085385635063,0.002205943100786,-3.87174712407924,0.000108058026377207,-0.0128699177566657,-0.00422153824995397,"CCO_28day",0.95
"42","Exp_Diff",-0.0109637189273512,0.0024868308598776,-4.40871114487086,1.03987608406512e-05,-0.0158437073081573,-0.00609430664627337,"CCO_2week",0.95
"43","Exp_Diff",-0.00647861183310663,0.00214003551729234,-3.02733846272964,0.00246717539867184,-0.0106773213980787,-0.00228733129141615,"CCO_Month",0.95
"44","Exp_Diff",-0.00382876235356199,0.00226038226835728,-1.69385612653231,0.0902926256671997,-0.00826182211302689,0.000599967881492715,"CCO_28day",0.95
"45","Exp_Diff",-0.00379197170316977,0.00255107292480846,-1.48642230737268,0.137167452987718,-0.00879450296513527,0.00120677159881682,"CCO_2week",0.95
"46","Exp_Diff",-0.00629234613967788,0.00208236108598419,-3.02173632710962,0.00251329367126284,-0.0103778135264835,-0.00221395770054591,"CCO_Month",0.95
"47","Exp_Diff",-0.00527207541055828,0.00221811571136013,-2.37682614281898,0.0174623164725757,-0.0096234264470361,-0.000927231397945125,"CCO_28day",0.95
"48","Exp_Diff",-0.00423811682481084,0.00250849795422253,-1.6895037995454,0.0911229243449087,-0.00915735142804154,0.000676982833072567,"CCO_2week",0.95
"49","Exp_Diff",-0.00368749738732052,0.00211834088042497,-1.74074787556417,0.0817277823053967,-0.00784210124738391,0.000462843848860586,"CCO_Month",0.95
"50","Exp_Diff",-0.00617036870855127,0.00224658604486162,-2.7465534750668,0.00602250671564618,-0.0105780605935325,-0.00177025311612729,"CCO_28day",0.95
"51","Exp_Diff",-0.00519306120020612,0.00255559327313118,-2.0320374352228,0.0421498663080193,-0.010205203662231,-0.00018618722164644,"CCO_2week",0.95
"52","Exp_Diff",-0.00365426753120492,0.00208542119863415,-1.75229231082828,0.079723557529641,-0.00774420085217074,0.000431630103657591,"CCO_Month",0.95
"53","Exp_Diff",-0.000873331077125912,0.00218760507293382,-0.399217888059967,0.689732663785987,-0.00516213804093921,0.00341441834445854,"CCO_28day",0.95
"54","Exp_Diff",-0.00604929012897942,0.00251863885037668,-2.40180926617355,0.016314212243994,-0.0109892594926325,-0.00111517681406127,"CCO_2week",0.95
"55","Exp_Diff",-0.00598129885731746,0.00213467968834745,-2.80196550797176,0.00507923037918186,-0.0101689966344686,-0.00180007223225864,"CCO_Month",0.95
"56","Exp_Diff",-0.00470330890823332,0.00227421227735603,-2.06810461585465,0.0386301867588859,-0.00916392355566323,-0.000247932539257649,"CCO_28day",0.95
"57","Exp_Diff",-0.00457818054524959,0.00254666169411755,-1.79771838396304,0.0722216466144091,-0.00957243538871235,0.000411536012541336,"CCO_2week",0.95
"58","Exp_Diff",-0.00255252517140571,0.00211659346451155,-1.20595911033617,0.227833257011889,-0.00670293690219758,0.00159509416104648,"CCO_Month",0.95
"59","Exp_Diff",-0.0028820418343547,0.00223739413021279,-1.2881243386835,0.197702684259932,-0.00726945375598316,0.00150218444668038,"CCO_28day",0.95
"60","Exp_Diff",-0.00325796934587256,0.00253050331455043,-1.28747879014392,0.197927457625057,-0.00821988489312163,0.00170073253869221,"CCO_2week",0.95
"61","Exp_Diff",0.00511725231766473,0.00139822928288664,3.6598091459651,0.000252403169363875,0.00237787403443705,0.0078591741480294,"CCO_Month",1.05
"62","Exp_Diff",0.00572340022718331,0.00148441563634881,3.85565881080387,0.000115418372406275,0.00281525775911148,0.00863442866119314,"CCO_28day",1.05
"63","Exp_Diff",0.00843554418290435,0.0016803886350914,5.01999597399416,5.16725625106964e-07,0.00514370779651046,0.011731078075249,"CCO_2week",1.05
"64","Exp_Diff",0.00654433911354122,0.0014003354441075,4.67340817593332,2.96242184465114e-06,0.00380113995179399,0.00929068774713144,"CCO_Month",1.05
"65","Exp_Diff",0.0057468619207112,0.00148883834045028,3.85996368079367,0.000113403878945599,0.00283013636122565,0.00866666791531901,"CCO_28day",1.05
"66","Exp_Diff",0.00625575684427001,0.00169200454112569,3.69724589516057,0.00021795120476173,0.00294066456599741,0.00957356276934431,"CCO_2week",1.05
"67","Exp_Diff",0.00299436716597442,0.00141024272937976,2.12329913396636,0.0337287932311079,0.000230911347647342,0.00575930375807938,"CCO_Month",1.05
"68","Exp_Diff",0.00504868530775114,0.00150080587654254,3.36398290189399,0.000768263026549517,0.0021083174618684,0.00799176430608693,"CCO_28day",1.05
"69","Exp_Diff",0.00239253625456201,0.0017000564061533,1.40732757213366,0.159330277064094,-0.000939170221834537,0.00572529640879621,"CCO_2week",1.05
"70","Exp_Diff",0.00347726102529459,0.00138679122257807,2.50741493649657,0.0121617850329553,0.000759876266241615,0.00619632731323464,"CCO_Month",1.05
"71","Exp_Diff",0.00431365371838504,0.00148041556227122,2.91381273496419,0.00357044014161825,0.00141302412082165,0.00721652405554459,"CCO_28day",1.05
"72","Exp_Diff",0.00403412069685384,0.00167692839883799,2.40566067081293,0.0161432515102097,0.000748097288977637,0.00732189340248809,"CCO_2week",1.05
"73","Exp_Diff",0.00290786904732012,0.00141045607725024,2.06165161341938,0.0392409163486282,0.000143980016627237,0.00567321274912597,"CCO_Month",1.05
"74","Exp_Diff",0.00445162545224564,0.00149710715220334,2.97348486091595,0.00294438931057936,0.00151830286441246,0.00738723230440154,"CCO_28day",1.05
"75","Exp_Diff",0.00352130050619034,0.00170422779586024,2.06621468957611,0.0388082124230871,0.000181668318974183,0.00686248873697297,"CCO_2week",1.05
"76","Exp_Diff",0.00650692765966701,0.00141128053760033,4.61065499474048,4.01402231071323e-06,0.00374231110532101,0.00927477619417989,"CCO_Month",1.05
"77","Exp_Diff",0.0051427287831265,0.00149028671822691,3.45083178976803,0.000558861766288184,0.00222303304294484,0.00806525218606306,"CCO_28day",1.05
"78","Exp_Diff",0.00467964600293739,0.00169824899707472,2.75557118596755,0.00585897536322156,0.00135198144510887,0.00800936137814028,"CCO_2week",1.05
"79","Exp_Diff",0.00633058264227249,0.00139919799975948,4.52443660108199,6.05566015257775e-06,0.00358957787154504,0.00907467038280055,"CCO_Month",1.05
"80","Exp_Diff",0.00719531238159734,0.00151895187258381,4.73702459667651,2.16878851599372e-06,0.00421987675044171,0.0101744452211837,"CCO_28day",1.05
"81","Exp_Diff",0.00617200148988005,0.00169676972773152,3.63750094606629,0.000275296181457003,0.00284755737849894,0.00949913770949791,"CCO_2week",1.05
"82","Exp_Diff",0.00464264499970331,0.00142422170318696,3.25977689380419,0.00111499884735729,0.00185221370882859,0.00743541246786707,"CCO_Month",1.05
"83","Exp_Diff",0.00526667096631615,0.00149976016613014,3.51167545668709,0.000445291418128993,0.0023284016110703,0.00820774609025032,"CCO_28day",1.05
"84","Exp_Diff",0.00386996938041799,0.00171960734332271,2.25049596086294,0.0244174796208868,0.000500279371753697,0.00724139561100415,"CCO_2week",1.05
"85","Exp_Diff",0.00584311878663327,0.00141295667920215,4.13538424258887,3.5436120720073e-05,0.00307500542462562,0.00861402732501741,"CCO_Month",1.05
"86","Exp_Diff",0.00424752251880878,0.00149478276272203,2.84156509209,0.00448926864961289,0.00131868636326518,0.00717849652607529,"CCO_28day",1.05
"87","Exp_Diff",0.00516418594349891,0.00168283207783337,3.0687470315801,0.00214958526602887,0.00186683647061678,0.00846377660525567,"CCO_2week",1.05
"88","Exp_Diff",0.00410003519793751,0.00140437998426296,2.91946285469831,0.00350635178937043,0.00134830439267885,0.00685369794111291,"CCO_Month",1.05
"89","Exp_Diff",0.00481320290814111,0.00149500367544716,3.21952580263821,0.00128402804527254,0.00188409358146488,0.00774477625866392,"CCO_28day",1.05
"90","Exp_Diff",0.00641538750997897,0.00169560126929279,3.78354724436763,0.000154608960511386,0.00309328114879623,0.00974027957078005,"CCO_2week",1.05
"91","Exp_Diff",0.00277044187642713,0.00171037599586424,1.61978528880561,0.105278407503882,-0.000581138530522524,0.00612401688621152,"CCO_Month",1
"92","Exp_Diff",0.00205872336237293,0.0018254129186378,1.12781242060522,0.25939914673355,-0.00151856430888266,0.00563762630966884,"CCO_28day",1
"93","Exp_Diff",-0.00090395255487476,0.00206740076835269,-0.437241084898614,0.661936516895908,-0.0049566100597671,0.00314811511070724,"CCO_2week",1
"94","Exp_Diff",0.0108900692366132,0.00117356837533148,9.27945015009229,1.70355403819555e-20,0.00859162089662406,0.0131921420534222,"CCO_Month",1.1
"95","Exp_Diff",0.0100392232061701,0.00126048055480515,7.96459982496274,1.65759321906733e-15,0.00757043526225554,0.0125116704513342,"CCO_28day",1.1
"96","Exp_Diff",0.00991968898466036,0.00142026655897603,6.98438537608895,2.8610572063378e-12,0.0071374018280415,0.012704963698592,"CCO_2week",1.1
"97","Exp_Diff",0.0114537434140867,0.00117479024437169,9.74960719069684,1.85183415550352e-22,0.00915301683261695,0.0137583372272519,"CCO_Month",1.1
"98","Exp_Diff",0.0109032821755831,0.00124956086255051,8.7256911626763,2.64559785511914e-18,0.00845605481007088,0.0133544919600374,"CCO_28day",1.1
"99","Exp_Diff",0.00880166144559636,0.0014141703754129,6.22390455819477,4.84932143510976e-10,0.00603115813228714,0.0115748194144969,"CCO_2week",1.1
"100","Exp_Diff",0.00871154557409059,0.00117759479139784,7.39774465523044,1.38516875341099e-13,0.00640485061694781,0.0110211397887809,"CCO_Month",1.1
"101","Exp_Diff",0.00993003252462393,0.00126163988435959,7.87073446846873,3.52565231119817e-15,0.00745888894086485,0.0124046584265786,"CCO_28day",1.1
"102","Exp_Diff",0.00923874267243299,0.00141134500627119,6.54605545163048,5.90766525384221e-11,0.00647381837698849,0.0120064011087097,"CCO_2week",1.1
"103","Exp_Diff",0.0102423760440674,0.00117180926610667,8.74065117960503,2.31770599801364e-18,0.00794730772413296,0.0125409324027844,"CCO_Month",1.1
"104","Exp_Diff",0.00926468633152563,0.00124673870173875,7.4311371890555,1.07667969407313e-13,0.00682267558287876,0.011710033754397,"CCO_28day",1.1
"105","Exp_Diff",0.00815533118347697,0.00140995398166461,5.7841116018898,7.28965373938315e-09,0.00539298250015342,0.0109201112169672,"CCO_2week",1.1
"106","Exp_Diff",0.0099649626186207,0.00116815712836209,8.53049848918259,1.45718436343854e-17,0.00767697473082833,0.0122562760631311,"CCO_Month",1.1
"107","Exp_Diff",0.00942783652707069,0.00125227361755201,7.5285755404642,5.12968383782445e-14,0.00697500289000843,0.0118840587845025,"CCO_28day",1.1
"108","Exp_Diff",0.00972609319176595,0.00140548376145516,6.92010356754039,4.51313573648101e-12,0.0069727400703944,0.0124823498814045,"CCO_2week",1.1
"109","Exp_Diff",0.0104554717176506,0.0011664667060403,8.96336917591315,3.14906120431252e-19,0.00817086971245262,0.0127435475602817,"CCO_Month",1.1
"110","Exp_Diff",0.0103857997006374,0.00124675115889114,8.33029079345272,8.06440238282303e-17,0.00794390731091997,0.0128313138496262,"CCO_28day",1.1
"111","Exp_Diff",0.0100269058546587,0.00140761608579293,7.12332428981183,1.05354538790463e-12,0.0072694140533906,0.0127873832135229,"CCO_2week",1.1
"112","Exp_Diff",0.00911302493669392,0.00116491625553621,7.82290134023344,5.16195607464009e-15,0.006831276750432,0.0113978720340412,"CCO_Month",1.1
"113","Exp_Diff",0.00927335572638083,0.00124746985448855,7.43373131864804,1.05576312466495e-13,0.0068298837916044,0.0117201036186964,"CCO_28day",1.1
"114","Exp_Diff",0.00950397907954941,0.00140219743319371,6.77791789841086,1.21920095312694e-11,0.0067570294023393,0.0122537549988737,"CCO_2week",1.1
"115","Exp_Diff",0.0110439526411524,0.00117136953577927,9.42823959802338,4.17029054791021e-21,0.00874985491863387,0.0133417603537404,"CCO_Month",1.1
"116","Exp_Diff",0.0101219241554864,0.00125316218270708,8.07710629570793,6.63217324754643e-16,0.00766745019332708,0.0125799909272575,"CCO_28day",1.1
"117","Exp_Diff",0.011452205430162,0.00142566619489504,8.03287997651172,9.52108005158527e-16,0.00865958654104214,0.0142483260175873,"CCO_2week",1.1
"118","Exp_Diff",0.00963077995611037,0.00117782534513247,8.17674708386175,2.91609204210868e-16,0.00732377641589409,0.0119409735834433,"CCO_Month",1.1
"119","Exp_Diff",0.0109167324300675,0.00124390609420334,8.77617087088809,1.69134789828304e-18,0.00848048675403938,0.0133567422047428,"CCO_28day",1.1
"120","Exp_Diff",0.00897909560679653,0.00140809007638496,6.37679063107164,1.80837408551089e-10,0.00622052289977898,0.0117403471150333,"CCO_2week",1.1
"121","Exp_Diff",0.010518343403262,0.00117938462698723,8.91850136297895,4.72640322810489e-19,0.00820848112753848,0.0128318049450414,"CCO_Month",1.1
"122","Exp_Diff",0.00863891551692157,0.00126695701607677,6.81863347161743,9.19105613464909e-12,0.00615710659118721,0.011123709557015,"CCO_28day",1.1
"123","Exp_Diff",0.00967529807552923,0.00141513698533914,6.83700459797573,8.08661468354379e-12,0.00690302312798459,0.0124504749746117,"CCO_2week",1.1
"124","Exp_Diff",-0.00295976681308058,0.00171190786264931,-1.72892880373837,0.0838218381797057,-0.00631639306919557,0.000394759070995288,"CCO_Month",1
"125","Exp_Diff",4.67330300559367e-05,0.00182703977431896,0.0255785510051945,0.979593494290637,-0.00353451650480415,0.00362801742574019,"CCO_28day",1
"126","Exp_Diff",-0.00437002950548954,0.00205459192677513,-2.12695740138953,0.0334236227839449,-0.0083986753319357,-0.000344177184117804,"CCO_2week",1
"127","Exp_Diff",0.0145040358715671,0.000986793640672668,14.6981448539536,6.6249932751851e-49,0.012571515731833,0.016439852045515,"CCO_Month",1.15
"128","Exp_Diff",0.0142076071237292,0.00104575278108278,13.5860094094309,4.84801793487686e-42,0.0121596193130634,0.0162590794272673,"CCO_28day",1.15
"129","Exp_Diff",0.0143514224247087,0.00118490665122805,12.1118591155132,9.13987587367194e-34,0.0120304651094796,0.0166753679882012,"CCO_2week",1.15
"130","Exp_Diff",0.0162754926294762,0.000983589420214821,16.5470391354164,1.68172589497214e-61,0.014349442276661,0.018205257618911,"CCO_Month",1.15
"131","Exp_Diff",0.0138501213421282,0.00104557827282971,13.2463744724197,4.73532354204951e-40,0.0118023712680322,0.0159011329686429,"CCO_28day",1.15
"132","Exp_Diff",0.0153380077080351,0.00117114494858339,13.0965921225958,3.44376393274664e-39,0.0130441011429047,0.0176350663387587,"CCO_2week",1.15
"133","Exp_Diff",0.0155075560596102,0.000977999932111292,15.8563978896529,1.2697058198971e-56,0.0135923818980477,0.0174262697069578,"CCO_Month",1.15
"134","Exp_Diff",0.0140926137717327,0.0010493962493651,13.4292587573654,4.07469612050333e-41,0.0120374388642667,0.0161511744841888,"CCO_28day",1.15
"135","Exp_Diff",0.0128052390645292,0.00118153872779271,10.8377649951866,2.27972450610256e-27,0.0104907125779179,0.0151223993726127,"CCO_2week",1.15
"136","Exp_Diff",0.0143879967103063,0.000977876853129066,14.7135057592035,5.27996498444925e-49,0.0124729600054546,0.016306344631948,"CCO_Month",1.15
"137","Exp_Diff",0.0142802101138005,0.00103860674984872,13.7493908217721,5.13601563412562e-43,0.012246196525981,0.0163176404668778,"CCO_28day",1.15
"138","Exp_Diff",0.0153015825183626,0.00117065918649057,13.0709114103773,4.82835393234973e-39,0.0130086225381331,0.0175976829098301,"CCO_2week",1.15
"139","Exp_Diff",0.0139418745899907,0.00098759085600973,14.1170551601921,2.98194162593355e-45,0.0120077352710997,0.015879187435976,"CCO_Month",1.15
"140","Exp_Diff",0.0121708980921864,0.00105264724214651,11.5621811418687,6.40606556174789e-31,0.0101091230235145,0.0142355771558641,"CCO_28day",1.15
"141","Exp_Diff",0.0132751034560858,0.0011797863646437,11.2521248371055,2.26079073046239e-29,0.0109640707793665,0.0155888931320415,"CCO_2week",1.15
"142","Exp_Diff",0.0143044812241663,0.000979576559405093,14.6027189879406,2.69864185941429e-48,0.0123861317576985,0.0162261816557733,"CCO_Month",1.15
"143","Exp_Diff",0.0148524416813912,0.00105343236686471,14.0990937326104,3.84678004522336e-45,0.0127894796697594,0.0169190543486168,"CCO_28day",1.15
"144","Exp_Diff",0.0145511696968766,0.00118542829022818,12.2750315787348,1.23343673405231e-34,0.0122292102008988,0.0168761597188303,"CCO_2week",1.15
"145","Exp_Diff",0.014909955490225,0.000972087341754319,15.3380821350035,4.25583761921503e-53,0.0130063268804055,0.016817028769257,"CCO_Month",1.15
"146","Exp_Diff",0.0165648576522365,0.00104298069441804,15.8822284447742,8.41353848322481e-57,0.0145225659587434,0.018611208000246,"CCO_28day",1.15
"147","Exp_Diff",0.0146711328815535,0.00117409137650908,12.4957334455306,7.87664956881949e-36,0.0123713814467028,0.0169738889262303,"CCO_2week",1.15
"148","Exp_Diff",0.0146971434442974,0.000985317967800466,14.9161427321842,2.58808215880776e-50,0.0127675122842716,0.0166300643222607,"CCO_Month",1.15
"149","Exp_Diff",0.0152073060813648,0.00104540631672016,14.5467899305181,6.12086239080233e-48,0.0131600870943567,0.0172582037149933,"CCO_28day",1.15
"150","Exp_Diff",0.0141862020233838,0.00117825538667261,12.0400060834397,2.18939502819846e-33,0.0118782437697738,0.016497069817242,"CCO_2week",1.15
"151","Exp_Diff",0.0125495362457802,0.000979180750294332,12.8163633139315,1.32783806111627e-37,0.0106317454906319,0.0144702131242635,"CCO_Month",1.15
"152","Exp_Diff",0.0139554585990036,0.00104587806587597,13.3432940744534,1.29603577950977e-40,0.0119072112661521,0.0160071605616095,"CCO_28day",1.15
"153","Exp_Diff",0.0137964295316263,0.00117453203024431,11.746320386645,7.37613284019599e-32,0.0114957505062517,0.0160999804971329,"CCO_2week",1.15
"154","Exp_Diff",0.0126769064917811,0.000974848618655724,13.0039744111881,1.16146639051185e-38,0.0107676246142952,0.014589112856051,"CCO_Month",1.15
"155","Exp_Diff",0.0118900654525471,0.00104466443660034,11.3817078824288,5.15795893987857e-30,0.00984394751049738,0.0139391121102629,"CCO_28day",1.15
"156","Exp_Diff",0.0105489707464887,0.00117759236343082,8.95808352200511,3.30370211263337e-19,0.00824195652458393,0.0128581629481499,"CCO_2week",1.15
"157","Exp_Diff",-0.00119306077819197,0.00169868640703994,-0.702343159542289,0.482465183639067,-0.00452314158008039,0.00213617678751978,"CCO_Month",1
"158","Exp_Diff",-0.00248656919557936,0.00181753690113815,-1.36809832802969,0.171281300004295,-0.00605016189601656,0.00107513109295879,"CCO_28day",1
"159","Exp_Diff",7.7284038058318e-05,0.00204389759189211,0.0378120891990353,0.969837505479246,-0.00392897954948924,0.00408359734182193,"CCO_2week",1
"160","Exp_Diff",0.0189516672943163,0.000835428779571438,22.684958619738,6.30661758238293e-114,0.0173157716986518,0.0205906557696085,"CCO_Month",1.2
"161","Exp_Diff",0.0167870661665956,0.000886172446572627,18.9433402398387,5.01145558161959e-80,0.0150515791663026,0.0185254823948697,"CCO_28day",1.2
"162","Exp_Diff",0.0165858618078065,0.000999244276399902,16.5984056146535,7.15667856422489e-62,0.0146285383081881,0.0185456244609304,"CCO_2week",1.2
"163","Exp_Diff",0.0182188689461854,0.000836458450696038,21.7809610639059,3.51618941063799e-105,0.0165808764763421,0.0198597964613907,"CCO_Month",1.2
"164","Exp_Diff",0.0188467276251776,0.000885985741122776,21.2720439510616,2.06101675589415e-100,0.0171118042366693,0.0205848746683759,"CCO_28day",1.2
"165","Exp_Diff",0.0205329439323707,0.000998390764073914,20.5660395420591,5.53020315684474e-94,0.0185775410462486,0.0224913407653637,"CCO_2week",1.2
"166","Exp_Diff",0.0186964730713023,0.000833704753081695,22.4257724358569,2.20632851124454e-111,0.0170639202643666,0.0203320455656858,"CCO_Month",1.2
"167","Exp_Diff",0.0205501687049897,0.000885617046287324,23.2043508999064,4.11523485452827e-119,0.0188161050154356,0.0222877290010382,"CCO_28day",1.2
"168","Exp_Diff",0.0202286134732872,0.00099808996229236,20.2673248279416,2.4987596055621e-91,0.0182737788013601,0.0221863930816902,"CCO_2week",1.2
"169","Exp_Diff",0.0173807852153228,0.000835164481291125,20.8112121679947,3.42572803359087e-96,0.0157452624647201,0.019019110415195,"CCO_Month",1.2
"170","Exp_Diff",0.0163303111490414,0.00088579340684795,18.4358011956219,6.78068052814599e-76,0.0145955255650784,0.0180679322169773,"CCO_28day",1.2
"171","Exp_Diff",0.0173476988610392,0.000999194656196912,17.3616809832302,1.60941473441473e-67,0.0153905217793497,0.0193074222844246,"CCO_2week",1.2
"172","Exp_Diff",0.0182673771439418,0.000836776874443924,21.8306429131199,1.18738853652865e-105,0.0166287730498865,0.0199089414395045,"CCO_Month",1.2
"173","Exp_Diff",0.0179481930009203,0.000890877973583334,20.1466345932071,2.88042628020044e-90,0.0162036069235958,0.0196958554669681,"CCO_28day",1.2
"174","Exp_Diff",0.0178049995733079,0.000998686922433925,17.8284096580687,4.25348991239905e-71,0.0158488392725698,0.0197637541945225,"CCO_2week",1.2
"175","Exp_Diff",0.0191658036323209,0.000836811899757445,22.9033593306647,4.30150163834205e-116,0.0175272096871207,0.020807515471589,"CCO_Month",1.2
"176","Exp_Diff",0.0181851610909932,0.000888570895950964,20.4656276430606,4.3603165378687e-93,0.016445125103704,0.0199283300640973,"CCO_28day",1.2
"177","Exp_Diff",0.0189385221424748,0.00100295281812364,18.8827647724304,1.58089871176884e-79,0.0169740879846764,0.0209057432322632,"CCO_2week",1.2
"178","Exp_Diff",0.0184916647799256,0.000832795072438719,22.2043398092828,3.11841470136764e-109,0.0168608961869076,0.0201254564448978,"CCO_Month",1.2
"179","Exp_Diff",0.0182024774550666,0.000890626181958646,20.4378422999379,7.70720257032452e-93,0.0164583927592779,0.0199496537897274,"CCO_28day",1.2
"180","Exp_Diff",0.0185929563167782,0.00100481424228247,18.5038741832955,1.92151915632465e-76,0.0166248556564237,0.0205638026105586,"CCO_2week",1.2
"181","Exp_Diff",0.0174207326371569,0.000831560928109186,20.9494362328547,1.89865548728351e-97,0.0157922752692091,0.0190519971730497,"CCO_Month",1.2
"182","Exp_Diff",0.0179354477069265,0.00088763343417716,20.2059172360409,8.68412334504229e-91,0.0161972174208981,0.019676747309021,"CCO_28day",1.2
"183","Exp_Diff",0.0170993396056515,0.000994578902629483,17.1925420501521,3.0199583283918e-66,0.015151194645364,0.0190499993471107,"CCO_2week",1.2
"184","Exp_Diff",0.0197823485064568,0.000833217369480318,23.7421220812945,1.32519910161892e-124,0.0181508002487174,0.0214170135921601,"CCO_Month",1.2
"185","Exp_Diff",0.0191954523903419,0.000883885015530693,21.7171374704399,1.41314470047196e-104,0.0174646718083807,0.0209295070762593,"CCO_28day",1.2
"186","Exp_Diff",0.0195020083679395,0.000999317879512703,19.515320167642,8.1357865066357e-85,0.0175447271546299,0.0214621424186892,"CCO_2week",1.2
"187","Exp_Diff",0.0189322854034519,0.000831228541154497,22.7762696612375,7.88235592678066e-115,0.0173045896712742,0.0205630075840364,"CCO_Month",1.2
"188","Exp_Diff",0.0187184958385255,0.000886679489690037,21.1107802268767,6.33187721733115e-99,0.0169822050344606,0.0204579951861014,"CCO_28day",1.2
"189","Exp_Diff",0.0193299451668291,0.000996648523361216,19.3949468782018,8.51407535510219e-84,0.0173778868311139,0.0212848363129366,"CCO_2week",1.2
"190","Exp_Diff",0.0211708149059478,0.000710810793014996,29.7840369251416,6.28884420327835e-195,0.0197788653197057,0.0225652304912869,"CCO_Month",1.25
"191","Exp_Diff",0.0203038973168521,0.000754507700242839,26.9101260468478,1.67182805454562e-159,0.0188262806395134,0.021783938027657,"CCO_28day",1.25
"192","Exp_Diff",0.0204123425412876,0.000850098266445626,24.0117446970388,2.09657221054573e-127,0.0187471829296384,0.0220796392881247,"CCO_2week",1.25
"193","Exp_Diff",0.0244931572823782,0.000712821149937938,34.360873389504,9.69077092399248e-259,0.0230974661226333,0.0258917112407394,"CCO_Month",1.25
"194","Exp_Diff",0.0224204623290434,0.000756333868650797,29.6436048395382,4.10044896275538e-193,0.020939415182042,0.0239042310834677,"CCO_28day",1.25
"195","Exp_Diff",0.0242905371811131,0.000852551346981219,28.4915826678627,1.48940533631048e-178,0.0226208246065547,0.0259628080691905,"CCO_2week",1.25
"196","Exp_Diff",0.0237170030082516,0.000710040217801008,33.4023375206873,1.26791680915841e-244,0.0223266882148549,0.0251100316785563,"CCO_Month",1.25
"197","Exp_Diff",0.0218612043143082,0.000752138690775728,29.0653899106843,9.83416221524152e-186,0.0203883497253277,0.0233367207755115,"CCO_28day",1.25
"198","Exp_Diff",0.0222809945510477,0.000845291866170446,26.3589364132778,4.05407262151049e-153,0.0206253878483015,0.0239389137334463,"CCO_2week",1.25
"199","Exp_Diff",0.0227313569591326,0.000711802614218327,31.9349163729825,8.75083811256052e-224,0.0213375363117423,0.0241277885725486,"CCO_Month",1.25
"200","Exp_Diff",0.0223317863014661,0.000759242094054118,29.4132615622262,3.71656645091857e-190,0.0208450423609506,0.0238212586966372,"CCO_28day",1.25
"201","Exp_Diff",0.0223950250500877,0.000852189028905724,26.2794101900662,3.29766376418195e-152,0.0207259180289937,0.0240664810870634,"CCO_2week",1.25
"202","Exp_Diff",0.0211638560743957,0.000710797442897919,29.7748061502737,8.28108265027818e-195,0.0197719273275079,0.0225582400574095,"CCO_Month",1.25
"203","Exp_Diff",0.0206075318909826,0.000753451110276031,27.3508547667186,1.05491009537578e-164,0.0191320436824971,0.0220855602497315,"CCO_28day",1.25
"204","Exp_Diff",0.0213220551224021,0.000845120505220126,25.2296033414174,1.89666362393945e-140,0.0196667461207512,0.0229796007665718,"CCO_2week",1.25
"205","Exp_Diff",0.0218553998154876,0.000709771148082573,30.7921784007836,3.33499119039537e-208,0.0204655143620388,0.0232478037336826,"CCO_Month",1.25
"206","Exp_Diff",0.0217084664665425,0.000756602944056546,28.6920195553985,4.79842298104344e-181,0.0202268472400763,0.0231927181647052,"CCO_28day",1.25
"207","Exp_Diff",0.0228045524041826,0.000850720751056212,26.8061551053853,2.73918162845431e-158,0.0211383467793417,0.0244731543145992,"CCO_2week",1.25
"208","Exp_Diff",0.0221289826485467,0.000709059812314175,31.2089082814098,8.06644477730334e-214,0.0207404903175684,0.0235199907065822,"CCO_Month",1.25
"209","Exp_Diff",0.0214349863457546,0.000754468182950745,28.4107227185139,1.49061039178974e-177,0.0199575440819913,0.0229150469499294,"CCO_28day",1.25
"210","Exp_Diff",0.0216150389547232,0.000844284212088974,25.6016145336202,1.46367931842849e-144,0.0199613750838779,0.0232709511148813,"CCO_2week",1.25
"211","Exp_Diff",0.0223100529256298,0.000709401135672938,31.4491361850817,4.3133306857591e-217,0.0209208826899798,0.023701720622371,"CCO_Month",1.25
"212","Exp_Diff",0.0229438903440306,0.000754707286889516,30.4010452033563,5.32094931082806e-203,0.0214660299231262,0.0244244687253515,"CCO_28day",1.25
"213","Exp_Diff",0.0228365385017676,0.000845940493488774,26.9954431517832,1.67165212996806e-160,0.0211796902717576,0.0244957587890045,"CCO_2week",1.25
"214","Exp_Diff",0.0226433406942721,0.000708919697398966,31.9406285046822,7.29025273958249e-224,0.0212551595402932,0.0240341107490941,"CCO_Month",1.25
"215","Exp_Diff",0.0222406621394645,0.000757162398202326,29.3737013251963,1.19049719676577e-189,0.020757972053372,0.0237260357626839,"CCO_28day",1.25
"216","Exp_Diff",0.0226982263453344,0.000850367847350977,26.6922443223162,5.79122043631596e-157,0.0210327044796444,0.0243661285420961,"CCO_2week",1.25
"217","Exp_Diff",0.0215896016011602,0.000713139394946146,30.2740274259994,2.51951331158255e-201,0.0201931019360036,0.0229885947949061,"CCO_Month",1.25
"218","Exp_Diff",0.0223548815904739,0.000758338974679399,29.4787454382453,5.39206340143188e-191,0.0208699051681027,0.0238425812692148,"CCO_28day",1.25
"219","Exp_Diff",0.0227652212372861,0.000851458232676868,26.7367445208855,1.76099961705742e-157,0.0210975695469991,0.0244352680345801,"CCO_2week",1.25
"220","Exp_Diff",2.35889394975686e-05,0.00171715393175531,0.0137372305774914,0.989039620540063,-0.00334226758730866,0.00338946252692296,"CCO_Month",1
"221","Exp_Diff",0.000129962149545659,0.00183729249102843,0.070735688618045,0.943608116555685,-0.00347136865844533,0.00373139504790131,"CCO_28day",1
"222","Exp_Diff",-0.00100642089176642,0.00208283360702493,-0.483197932072917,0.628955203515052,-0.00508937353890711,0.00307586372113783,"CCO_2week",1
"223","Exp_Diff",2.92510994186198e-05,0.00171029536358369,0.0171029519470415,0.986354483944391,-0.00332315913633994,0.00338168245742117,"CCO_Month",1
"224","Exp_Diff",-0.00137854411953199,0.00183041393388512,-0.753132443985487,0.451370329939545,-0.00496693939379751,0.00220882252058146,"CCO_28day",1
"225","Exp_Diff",-0.00322804226588638,0.00203671022527307,-1.58492957212585,0.11298233670644,-0.00722124727288156,0.000763137993279427,"CCO_2week",1
"226","Exp_Diff",-0.00176789997144532,0.00172173302533908,-1.02681423044502,0.304507947257184,-0.00514336089304468,0.00160630804912998,"CCO_Month",1
"227","Exp_Diff",-0.000869660083300707,0.00182368199290745,-0.476870466826418,0.633454363314955,-0.00444471176423773,0.00270470153706956,"CCO_28day",1
"228","Exp_Diff",0.000759928496332879,0.0020633471459854,0.368298905887675,0.712650368255083,-0.0032842414033501,0.00480459932959498,"CCO_2week",1
"229","Exp_Diff",-0.000786439532144369,0.00170355759173418,-0.46164540368946,0.644335629058303,-0.004125944713616,0.00255249060115614,"CCO_Month",1
"230","Exp_Diff",-0.00321497270837763,0.00182018006390229,-1.76629377067511,0.0773465761422048,-0.00678403741320483,0.000351623360851769,"CCO_28day",1
"231","Exp_Diff",-0.00292127433381154,0.00205497521490731,-1.42156183326197,0.155153491275709,-0.00695021758638834,0.00110578764918339,"CCO_2week",1
"232","Exp_Diff",0.00137858832240102,0.00172471738925117,0.799312589408966,0.424109180749623,-0.00200160783411038,0.00475975955554251,"CCO_Month",1
"233","Exp_Diff",0.00204274723662165,0.00182645599981286,1.11842126874721,0.263387114776528,-0.00153659520826694,0.00562367856627961,"CCO_28day",1
"234","Exp_Diff",0.00160124690482472,0.00208464586322448,0.768114591102751,0.44241910902523,-0.00248439444130801,0.00568794038539667,"CCO_2week",1
"235","Exp_Diff",0.000365936065999689,0.00171788338226812,0.213015662050671,0.831314746480403,-0.00300123223308126,0.00373337774489333,"CCO_Month",1
"236","Exp_Diff",0.000359627448754278,0.00182480432314798,0.197077266966292,0.843767072880864,-0.00321713931152888,0.00393668331538038,"CCO_28day",1
"237","Exp_Diff",-0.000619448520995737,0.00206691202183655,-0.299697575151421,0.764407848388185,-0.00467106719109844,0.00343175687005705,"CCO_2week",1
"238","Exp_Diff",-0.00122752007222353,0.00172828062079837,-0.71025506937437,0.477545976737661,-0.00461564873876694,0.00215970913493159,"CCO_Month",1
"239","Exp_Diff",-0.00133792864643492,0.00184285798200625,-0.726007462049988,0.467834196049683,-0.00495074970208473,0.00227383591242484,"CCO_28day",1
"240","Exp_Diff",-0.000197679993242549,0.00207301659586662,-0.0953586158628455,0.924029985990729,-0.00426111610038576,0.003865626701632,"CCO_2week",1
